Body Region,Male Mean,Female Mean,Male N,Female N,t-statistic,p-value,Cohen's d,Significant
Hand Back,18.2,14.4,5,5,1.318999255551184,0.22367165436117112,0.8342083759216464,False
Fingertip,2.0,2.2,5,5,-0.2721655269759089,0.792387185184421,-0.17213259316477422,False
Forearm,15.4,20.3,5,5,-0.8415815985515898,0.42446293769384225,-0.5322629376616971,False
Palm,4.82,7.4,5,5,-1.2105340738384514,0.2606219777787753,-0.7656089717143908,False
